{"train_iters": [5050, 5100, 5150, 5200, 5250, 5300, 5350, 5400, 5450, 5500, 5550, 5600, 5650, 5700, 5750, 5800, 5850, 5900, 5950, 6000, 6050, 6100, 6150, 6200, 6250, 6300, 6350, 6400, 6450, 6500, 6550, 6600, 6650, 6700, 6750, 6800, 6850, 6900, 6950, 7000, 7050, 7100, 7150, 7200, 7250, 7300, 7350, 7400, 7450, 7500, 7550, 7600, 7650, 7700, 7750, 7800, 7850, 7900, 7950, 8000, 8050, 8100, 8150, 8200, 8250, 8300, 8350, 8400, 8450, 8500, 8550, 8600, 8650, 8700, 8750, 8800, 8850, 8900, 8950, 9000, 9050, 9100, 9150, 9200, 9250, 9300, 9350, 9400, 9450, 9500, 9550, 9600, 9650, 9700, 9750, 9800, 9850, 9900, 9950, 10000, 10050, 10100, 10150, 10200, 10250, 10300, 10350, 10400, 10450, 10500, 10550, 10600, 10650, 10700, 10750, 10800, 10850, 10900, 10950, 11000, 11050, 11100, 11150], "train_total": [0.051565, 0.04681, 0.045277, 0.044786, 0.045519, 0.044111, 0.044312, 0.044296, 0.043631, 0.042834, 0.043175, 0.043668, 0.042487, 0.042945, 0.042031, 0.043104, 0.042954, 0.042816, 0.042037, 0.041529, 0.041927, 0.040275, 0.041931, 0.041068, 0.041492, 0.04161, 0.041378, 0.041031, 0.040668, 0.041707, 0.039853, 0.041186, 0.041036, 0.041215, 0.041296, 0.039747, 0.040246, 0.038547, 0.03971, 0.039315, 0.040053, 0.039866, 0.039087, 0.038643, 0.039393, 0.039792, 0.039505, 0.040248, 0.039024, 0.039177, 0.039499, 0.038891, 0.038938, 0.039478, 0.039366, 0.038795, 0.039247, 0.03873, 0.038744, 0.039338, 0.039991, 0.038105, 0.039974, 0.0387, 0.038611, 0.038776, 0.038594, 0.038917, 0.038456, 0.037843, 0.037538, 0.038333, 0.039312, 0.038981, 0.038, 0.038786, 0.03806, 0.038932, 0.037409, 0.03755, 0.03859, 0.037905, 0.037656, 0.039566, 0.037121, 0.037913, 0.03778, 0.037335, 0.037616, 0.037514, 0.038627, 0.036963, 0.036894, 0.037502, 0.037342, 0.037991, 0.037024, 0.037259, 0.038161, 0.037207, 0.037178, 0.037685, 0.036597, 0.037995, 0.036805, 0.037129, 0.037353, 0.037457, 0.037754, 0.036578, 0.036579, 0.037653, 0.036515, 0.0381, 0.036605, 0.037101, 0.037579, 0.03674, 0.036505, 0.036581, 0.036673, 0.035924, 0.037605], "train_px": [0.001567, 0.001574, 0.001524, 0.001528, 0.001558, 0.001573, 0.001576, 0.001559, 0.001569, 0.001542, 0.001566, 0.001578, 0.001538, 0.001555, 0.001538, 0.00158, 0.001569, 0.001577, 0.001544, 0.00156, 0.001557, 0.001518, 0.001569, 0.001523, 0.001536, 0.00153, 0.001529, 0.00155, 0.001512, 0.00158, 0.001493, 0.001551, 0.001517, 0.001559, 0.00157, 0.001502, 0.001534, 0.001474, 0.001518, 0.001515, 0.001486, 0.001533, 0.001501, 0.001487, 0.001521, 0.00153, 0.001512, 0.001518, 0.001494, 0.001512, 0.001495, 0.001509, 0.001515, 0.001526, 0.001528, 0.001499, 0.001509, 0.001509, 0.001495, 0.001515, 0.00153, 0.001503, 0.001555, 0.001501, 0.001487, 0.001495, 0.001495, 0.001496, 0.00151, 0.001484, 0.001469, 0.0015, 0.001549, 0.001506, 0.001489, 0.001521, 0.001493, 0.001522, 0.001466, 0.001495, 0.001501, 0.001487, 0.001471, 0.001531, 0.001481, 0.001504, 0.001481, 0.001492, 0.001516, 0.001477, 0.001524, 0.001485, 0.001435, 0.001479, 0.00145, 0.001498, 0.001447, 0.001476, 0.001484, 0.001502, 0.001457, 0.001474, 0.001433, 0.001509, 0.001456, 0.001451, 0.00147, 0.00148, 0.001507, 0.001437, 0.001441, 0.001498, 0.001438, 0.001518, 0.001454, 0.001475, 0.001492, 0.001441, 0.001446, 0.001453, 0.001446, 0.001431, 0.001495], "train_perc": [1.0, 0.9047, 0.8751, 0.8651, 0.8792, 0.8508, 0.8547, 0.8547, 0.8412, 0.8259, 0.8322, 0.8418, 0.819, 0.8278, 0.8099, 0.8305, 0.8277, 0.8248, 0.8099, 0.7994, 0.8074, 0.7751, 0.8072, 0.7909, 0.7991, 0.8016, 0.797, 0.7896, 0.7831, 0.8026, 0.7672, 0.7927, 0.7904, 0.7931, 0.7945, 0.7649, 0.7742, 0.7415, 0.7638, 0.756, 0.7713, 0.7667, 0.7517, 0.7431, 0.7574, 0.7653, 0.7599, 0.7746, 0.7506, 0.7533, 0.7601, 0.7476, 0.7485, 0.759, 0.7568, 0.7459, 0.7548, 0.7444, 0.745, 0.7565, 0.7692, 0.732, 0.7684, 0.744, 0.7425, 0.7456, 0.742, 0.7484, 0.7389, 0.7272, 0.7214, 0.7367, 0.7553, 0.7495, 0.7302, 0.7453, 0.7314, 0.7482, 0.7189, 0.7211, 0.7418, 0.7284, 0.7237, 0.7607, 0.7128, 0.7282, 0.726, 0.7168, 0.722, 0.7207, 0.742, 0.7096, 0.7092, 0.7205, 0.7178, 0.7299, 0.7115, 0.7157, 0.7335, 0.7141, 0.7144, 0.7242, 0.7033, 0.7297, 0.707, 0.7136, 0.7177, 0.7195, 0.7249, 0.7028, 0.7028, 0.7231, 0.7015, 0.7316, 0.703, 0.7125, 0.7217, 0.706, 0.7012, 0.7026, 0.7045, 0.6899, 0.7222], "val_iters": [1000, 5000, 10000, 15000, 20000, 25000], "val_psnr": [51.16, null, 52.91, 53.28, 53.47, 53.55], "val_l1": [0.002027, null, 0.001683, 0.001615, 0.001574, 0.001562]}